{
    "home_img":
    [
        {
            "id": 10000,
            "title": "你好",
            "img_url": "http://www.17qq.com/img_qqtouxiang/82684700.jpeg"
        },
        {
            "id": 10001,
            "title": "你好",
            "img_url": "http://www.17qq.com/img_qqtouxiang/82696306.jpeg"
        },
        {
            "id": 10002,
            "title": "你好",
            "img_url": "http://www.17qq.com/img_qqtouxiang/82696304.jpeg"
        }
    
    ],
    "home_nav":["主机","U盘","耳机","网卡","驱动","CPU","显卡","主板","屏幕","鼠标","音响","键盘"],
    "home_list":["主机","U盘","耳机","网卡","驱动","CPU","显卡","主板","屏幕","鼠标","音响","键盘"]

}
